{
    "defaultSeverity": "error",
    "linterOptions": {
      "exclude": [
        "config/**/*.js",
        "node_modules/**/*.ts"
      ]
    },
    "extends": [
        "tslint:recommended",
        "tslint:latest",
        "tslint-react",
        "tslint-config-prettier",
        "tslint-plugin-prettier",
        "tslint-etc",
        "tslint-consistent-codestyle"
    ],
    "jsRules": {},
    "rules": {
        "max-file-line-count" : [true, 14],
        "trailing-comma":true,
        "no-console" : false,
        "quotemark" : [true, "single"],
        "arrow-parens":true,
        "interface-over-type-literal" :false,
        "no-any": true,
        "variable-name": [
          true,
          "ban-keywords",
          "check-format",
          "allow-pascal-case"
        ],
        "only-arrow-functions": true,
        "no-default-export": true,
        "no-duplicate-imports": true,
        "no-var-keyword": true,
        "function-constructor": true,
        "no-empty-interface": true,
        "no-empty": true,
        "semicolon": false,
        "no-parameter-reassignment":true,
        "no-unnecessary-class": true,
        "prefer-object-spread": true,
        //"no-unused-imports": true
        "no-unused-declaration": true,
        "no-invalid-regexp" : true,
        "no-duplicate-switch-case": true,
        "unnecessary-bind": true,
        "no-eval":true,
        "no-construct": true,
        "max-line-length": [true, {"limit": 120, "ignore-pattern": "^import |^export {(.*?)}"}],
        "no-invalid-template-strings": true,
        "file-name-casing": [true, {".style.ts": "kebab-case", ".tsx": "pascal-case", ".*": "camel-case"}],
        "naming-convention": [true,
            // this config will apply to properties AND methods, if you only need it for properties, use "property" instead of "member"
            {"type": "member", "format": "camelCase"}, // use camelCase for all members, will be inherited by protected and private
            {"type": "member", "modifiers": "protected", "leadingUnderscore": "require"}, // protected members will be REQUIRED to have a leading underscore. you can use "allow" as alternative
            {"type": "member", "modifiers": "private", "prefix": "__"} // to simply allow and not enforce double leading underscores, use "prefix": ["__", ""]
        ]
    },
    "rulesDirectory": []
}